Row, Question, Generated Answer,Golden Answer,Hallucinated or Not
1,"What is Noonan syndrome?, ",Noonan syndrome is a genetic disorder that affects various parts of the body and is characterized by distinctive facial features and heart defects.,"Noonan syndrome is a genetic disorder that affects multiple parts of the body, causing heart defects, developmental delays, and facial anomalies.",Not Hallucinated
2, How is Noonan syndrome inherited?,It is an autosomal recessive disorder.,Noonan syndrome is typically inherited in an autosomal dominant manner.,Hallucinated
3,Can Noonan syndrome be diagnosed prenatally?,"Yes, it can be diagnosed prenatally through genetic testing and ultrasound findings.","Yes, prenatal diagnosis is possible through genetic testing and identifying physical traits via ultrasound.",Not Hallucinated
4, What are the common heart defects in Noonan syndrome?, The most common heart defects include patent ductus arteriosus and coarctation of the aorta.,The most common heart defects include pulmonary valve stenosis and hypertrophic cardiomyopathy.,Hallucinated
5, What facial features are associated with Noonan syndrome?,",Individuals with Noonan syndrome often have a broad forehead, wide-set eyes, and a small chin."," Common facial features include a broad forehead, widely spaced eyes, low-set ears, and a short neck.,",Not Hallucinated
6,What gene mutations cause Noonan syndrome?,"Mutations in the SHH, PTCH1, and SMO genes cause Noonan syndrome.","Mutations in genes like PTPN11, SOS1, RAF1, and RIT1 are known to cause Noonan syndrome.",Hallucinated
7,How common is Noonan syndrome?,"Noonan syndrome affects approximately 1 in 1,000 individuals.","Noonan syndrome affects about 1 in 1,000 to 2,500 live births.",Not Hallucinated
8,Is there a cure for Noonan syndrome?, Noonan syndrome can be cured with surgery and medication,",There is no cure for Noonan syndrome, but treatment can manage symptoms and complications.,",Hallucinated
9, Are individuals with Noonan syndrome typically short in stature?,"Yes, short stature is a common characteristic of Noonan syndrome.","Yes, individuals with Noonan syndrome often have short stature.",Not Hallucinated
10,Does Noonan syndrome affect cognitive abilities?,"No, Noonan syndrome does not affect cognitive abilities at all.",Noonan syndrome can lead to learning disabilities and mild cognitive impairment in some individuals.,Hallucinated
11,What are the treatment options for Noonan syndrome?,"Treatment involves hormone therapy, surgeries for heart defects, and regular monitoring of growth and development.","Treatment includes hormone therapy for growth, surgery for heart defects, and managing other symptoms.",Not Hallucinated
12,Is Noonan syndrome more common in males or females?,It affects males and females equally.,Noonan syndrome affects males and females equally.,Not Hallucinated
13,Can Noonan syndrome be detected with a blood test?,"Yes, Noonan syndrome can be diagnosed with a blood test alone.","Genetic testing, often involving a blood sample, can confirm a diagnosis of Noonan syndrome.",Not Hallucinated
14,What are some common complications of Noonan syndrome?,Common complications include high blood pressure and diabetes.,"Common complications include heart defects, bleeding disorders, and developmental delays",Hallucinated
15,Does Noonan syndrome affect life expectancy?,"No, individuals with Noonan syndrome typically have a normal life expectancy.","Life expectancy can be affected depending on the severity of symptoms, particularly heart defects.",Hallucinated
16,What is the prevalence of heart defects in Noonan syndrome?,Approximately 80% of individuals with Noonan syndrome have heart defects.,Around 50-80% of individuals with Noonan syndrome have heart defects.,Not Hallucinated
17,Are bleeding disorders common in Noonan syndrome?,Bleeding disorders are rare in Noonan syndrome.,Bleeding disorders are common in individuals with Noonan syndrome,Hallucinated
18,What are the main causes of Noonan syndrome?,Noonan syndrome is caused by environmental factors during pregnancy.,"Noonan syndrome is caused by mutations in specific genes, inherited in an autosomal dominant manner.",Hallucinated
19,Is Noonan syndrome related to Turner syndrome?,"Yes, Noonan syndrome and Turner syndrome are the same condition.",Noonan syndrome and Turner syndrome have similar features but are distinct conditions with different causes.,Hallucinated
20,Can adults have Noonan syndrome?,"No, Noonan syndrome only affects children.","Yes, adults can have Noonan syndrome, and symptoms persist throughout life.",Hallucinated
21,Is Noonan syndrome the same as Down syndrome?,"Noonan syndrome is not the same as Down syndrome, but they have similar features.",Noonan syndrome is different from Down syndrome though both can involve developmental delays.,Not Hallucinated
22,Are there prenatal tests for Noonan syndrome?,"Yes, prenatal tests can detect Noonan syndrome with high accuracy","Yes, prenatal genetic tests can detect Noonan syndrome, but accuracy varies depending on the method used.",Not Hallucinated
23,What is the role of genetic counseling in Noonan syndrome?,"Genetic counseling helps families understand the inheritance patterns, risks, and implications of Noonan syndrome.",Genetic counseling is important for understanding inheritance and managing Noonan syndrome.,Not Hallucinated
24,Is Noonan syndrome associated with any skin abnormalities?,"No, Noonan syndrome does not affect the skin.","Yes, individuals with Noonan syndrome may have skin abnormalities like caf√©-au-lait spots or dry skin.",Hallucinated
25,Can Noonan syndrome be inherited from both parents?,"No, Noonan syndrome is only inherited from the mother.","Noonan syndrome is usually inherited in an autosomal dominant manner, meaning it can be inherited from either parent.",Hallucinated
26,Does Noonan syndrome cause infertility?,"No, Noonan syndrome does not cause infertility.","Infertility can be an issue, especially in males with Noonan syndrome.",Hallucinated
27,What are the chances of passing Noonan syndrome to offspring?,There is a 50% chance of passing the mutated gene to offspring if one parent has Noonan syndrome.,There is a 50% chance of passing Noonan syndrome to offspring if one parent has the mutation.,Not Hallucinated
28," Can Noonan syndrome be treated with gene therapy?,","Yes, gene therapy is a standard treatment for Noonan syndrome.",Gene therapy is not currently a standard treatment for Noonan syndrome.,Hallucinated
29,Are growth delays common in Noonan syndrome?,"Yes, growth delays are a characteristic of Noonan syndrome.","Yes, growth delays are common in individuals with Noonan syndrome.",Hallucinated
30,Is Noonan syndrome linked to any intellectual disabilities?,"No, Noonan syndrome does not involve any intellectual disabilities.",Some individuals with Noonan syndrome may have intellectual disabilities or learning difficulties.,Hallucinated
31,What organs are primarily affected by Noonan syndrome?,"Noonan syndrome primarily affects the heart and facial structure.,","Noonan syndrome primarily affects the heart, skeletal system, and facial structure.",Not Hallucinated
32,What is the typical treatment for heart defects in Noonan syndrome?,Surgery is often required to correct heart defects associated with Noonan syndrome.,Surgery is often required to correct heart defects associated with Noonan syndrome.,Not Hallucinated
33,Can Noonan syndrome be diagnosed in infancy?,"Yes, Noonan syndrome can be diagnosed in infancy based on clinical features and genetic testing.","Yes, it can be diagnosed in infancy through clinical examination and genetic testing.",Not Hallucinated
34,Is Noonan syndrome related to cancer?,"Yes, Noonan syndrome significantly increases the risk of all types of cancer.","Noonan syndrome is associated with a slightly increased risk of certain cancers, particularly juvenile myelomonocytic leukemia.",Hallucinated
35,Can Noonan syndrome cause hearing loss?,Hearing loss is uncommon in Noonan syndrome.,Hearing loss can occur in individuals with Noonan syndrome due to structural abnormalities or infections.,Not Hallucinated
36,What are the key facial features of Noonan syndrome?,"Key features include a short neck, drooping eyelids, and a low hairline.","Key facial features include a wide forehead, drooping eyelids, and low-set ears.",Not Hallucinated
37,Does Noonan syndrome affect fertility in males?,"Yes, males with Noonan syndrome may experience infertility.","Yes, males with Noonan syndrome often have undescended testes, which can lead to fertility issues.",Not Hallucinated
38,Is Noonan syndrome associated with developmental delays?,"No, individuals with Noonan syndrome develop normally without delays.","Developmental delays, particularly in motor skills, are common in Noonan syndrome.",Hallucinated
39,Can Noonan syndrome be cured with medication?,Medication can cure Noonan syndrome by addressing the genetic mutation.,"No cure exists, but medications can manage specific symptoms like heart issues and growth delays.",Hallucinated
40,What type of inheritance pattern does Noonan syndrome follow?,"It follows an autosomal dominant inheritance pattern.,",Noonan syndrome is typically inherited in an autosomal dominant pattern,Not Hallucinated
41,Are speech difficulties common in Noonan syndrome?,"No, speech difficulties are not associated with Noonan syndrome.,","Yes, speech difficulties, including delayed speech development, are common in Noonan syndrome",Hallucinated
42,", Is Noonan syndrome linked to any specific chromosomal abnormality?",Noonan syndrome is linked to a deletion on chromosome 7.,Noonan syndrome is not linked to a specific chromosomal abnormality but is associated with gene mutations.,Hallucinated
43,What is the role of echocardiograms in Noonan syndrome?,Echocardiograms are used to monitor and diagnose heart defects in individuals with Noonan syndrome.,Echocardiograms are important for diagnosing and monitoring heart defects in Noonan syndrome.,Not Hallucinated
44,Can Noonan syndrome cause vision problems?,Vision problems are uncommon in individuals with Noonan syndrome.,"Vision problems, such as strabismus and refractive errors, can occur in individuals with Noonan syndrome",Not Hallucinated
45,How does Noonan syndrome affect puberty?,Noonan syndrome often leads to early-onset puberty.,Puberty may be delayed or abnormal in individuals with Noonan syndrome.,Hallucinated
46,"Is there a connection between Noonan syndrome and autism?,","Yes, Noonan syndrome and autism are the same condition.",Noonan syndrome is distinct from autism but some individuals with Noonan syndrome may have autistic traits.,Hallucinated
47,Can adults be diagnosed with Noonan syndrome?,"No, Noonan syndrome cannot be diagnosed in adults","Yes, adults can be diagnosed with Noonan syndrome if symptoms and genetic mutations are identified",Hallucinated
48,What percentage of individuals with Noonan syndrome have heart defects?,About 25% of individuals with Noonan syndrome have heart defects,Approximately 50-80% of individuals with Noonan syndrome have heart defects.,Hallucinated
49,What is the typical lifespan of someone with Noonan syndrome?,The lifespan is typically reduced by 20-30 years due to heart complications.,"Life expectancy varies depending on the severity of symptoms, but many individuals with Noonan syndrome can live a normal lifespan.",Hallucinated
50,How does Noonan syndrome affect growth in children?,"Growth in children with Noonan syndrome is typically normal, with no delays.","Growth delays are common in children with Noonan syndrome, often leading to shorter adult height.",Hallucinated
51,What are the main treatments for Noonan syndrome?,Main treatments include medication to correct genetic mutations and surgery for heart defects.,"Treatments focus on managing symptoms, including surgery for heart defects and hormone therapy for growth delays.",Hallucinated
52,Is Noonan syndrome related to any other genetic disorders?,"No, Noonan syndrome is not related to any other genetic disorders."," Noonan syndrome is part of a group of related conditions known as RASopathies, which share similar genetic mutations.",Hallucinated
53,Can Noonan syndrome be detected before birth?,"Yes, Noonan syndrome can be detected before birth using advanced imaging techniques alone.","Yes, Noonan syndrome can be detected before birth through genetic testing and ultrasound.",Hallucinated
54,Does Noonan syndrome affect kidney function?,Noonan syndrome often leads to chronic kidney disease.,Noonan syndrome is not typically associated with kidney problems.,Hallucinated
55,What is the role of growth hormone therapy in Noonan syndrome?,Growth hormone therapy is not recommended for individuals with Noonan syndrome.,Growth hormone therapy is often used to treat short stature in individuals with Noonan syndrome.,Hallucinated
56,Are there any famous people with Noonan syndrome?,No known famous people have Noonan syndrome.," The condition is rare, and no widely known individuals with Noonan syndrome are identified.",Not Hallucinated
57,Can Noonan syndrome be managed with diet and exercise?, Diet and exercise are primary treatments for Noonan syndrome.,"Diet and exercise can help manage overall health, but they do not treat the underlying condition of Noonan syndrome",Hallucinated
58,What is the incidence of Noonan syndrome?,"Noonan syndrome occurs in approximately 1 in 100,000 individuals.","Noonan syndrome occurs in about 1 in 1,000 to 2,500 live births.",Hallucinated
59,Is Noonan syndrome associated with any skeletal abnormalities?,"Skeletal abnormalities are not associated with Noonan syndrome.,","Skeletal abnormalities, such as chest deformities and scoliosis, are common in Noonan syndrome",Hallucinated
,,,,Hallucinated
,,,,Hallucinated